0,title,url,description,Group0,Group0_,内容分類,サイト分類,学校的科目,その他科目,科目詳細,細目,場所・所属,タグ,
1,Art Event Design Festa,http://designfesta.com/,,,,Art,Event・Spot,,,,,ビッグサイト,,
2,文化庁メディア芸術祭,http://megei.jp/,,,,Art,Event・Spot,,,,,,,
3,3331 Arts Chiyoda,http://www.3331.jp/,,,,Art,Event・Spot,,,,,秋葉原,,
4,2k540 AKI-OKA ARTISAN,http://www.jrtk.jp/2k540/,,,,Art,Event・Spot,,,,,秋葉原,,
5,KITTE,http://jptower-kitte.jp/,,,,Art,Event・Spot,,,,,東京,,
6,文化庁メディア芸術祭,http://j-mediaarts.jp/,,,,Art,Event・Spot,,,,,,,
7,博物ふぇすてぃばる！,https://www.hakubutufes.info/,,,,Art,Event・Spot,,,,,,,
8,新型コロナウイルス国内感染の状況－東洋経済,https://toyokeizai.net/sp/visual/tko/covid19/,,,,COVID-19,,保健,,,,,,
9,東京都－新型コロナウイルス感染症対策サイト,https://stopcovid19.metro.tokyo.lg.jp/,,,,COVID-19,,保健,,,,,,
10,埼玉県－新型コロナウイルス感染症対策サイト（非公式）,https://saitama.stopcovid19.jp/,,,,COVID-19,,保健,,,,,,
11,sosmapjapan,https://www.sosmap.pw/,,,,COVID-19,,保健,,,,,,
12,都道府県別新型コロナウイルス感染者数マップ,https://gis.jag-japan.com/covid19jp/,,,,COVID-19,,保健,,,,,,
34,公益財団法人 日本英語検定協会,http://www.eiken.or.jp/,,,,Exam,,英語,,,,,,
35,財団法人 日本漢字能力検定協会,http://www.kanken.or.jp/kanken/,,,,Exam,,国語,,,,,,
36,財団法人 日本数学検定協会,http://www.su-gaku.net/,,,,Exam,,数学,,,,,,
37,IPA 独立行政法人 情報処理推進機構,http://www.ipa.go.jp/,ITパスポート、情報処理技術者試験,,,Exam,,工学,,,,,,
38,TOEIC,http://www.toeic.or.jp/,,,,Exam,,英語,,,,,,
39,TOEFL,http://www.ets.org/jp/toefl,,,,Exam,,英語,,,,,,
40,世界遺産検定 ― NPO法人 世界遺産アカデミー,http://www.sekaken.jp/,,,,Exam,,社会,,,,,,
41,ニュース時事能力検定,http://www.newskentei.jp/,,,,Exam,,社会,,,,,,
42,Google,https://www.google.co.jp/,,Google,,Google,,,,,,,,
43,Calendar,https://www.google.com/calendar/,,,Google,Google,,,,,,,,
44,Play,https://play.google.com/,,,Google,Google,,,,,,,,
45,Keep,https://keep.google.com/,,,Google,Google,,,,,,,,
46,Maps,https://maps.google.co.jp/,,,Google,Google,,,,,,,,
47,Photo,https://photos.google.com/,,,Google,Google,,,,,,,,
48,YouTube,https://www.youtube.com/,,,Google,Google,,,,,,,,
49,Mail,https://mail.google.com/,,,Google,Google,,,,,,,,
50,連絡先,https://contacts.google.com/,,,Google,Google,,,,,,,,
51,Drive,https://drive.google.com/,,,Google,Google,,,,,,,,
52,Analytics,https://analytics.google.com/,,,Google,Google,,,,,,,,
53,Data Portal (Data Studio),https://datastudio.google.com/,,,Google,Google,,,,,,,,
54,+,https://plus.google.com/,,,Google,Google,,,,,,,,
55,RemoteDesktop,https://remotedesktop.google.com/access/,,,Google,Google,,,,,,,,
56,Forms,https://docs.google.com/forms/u/0/,,,Google,Google,,,,,,,,
57,googleマップで複数の住所を一括表示,http://www.ryokurian.jp/atelier/google/maps.html,,,Google,Google,,,,,,,,
58,ペパクラデザイナー,http://www.tamasoft.co.jp/pepakura/index.html,,,,Hobby,,,,PaperCraft,,,,
59,ペーパークラフト - ヤマハ発動機,http://global.yamaha-motor.com/jp/yamahastyle/entertainment/papercraft/,,,,Hobby,,,,PaperCraft,,,,
60,ペーパークラフト - Canon,http://cp.c-ij.com/ja/contents/1006/,,,,Hobby,,,,PaperCraft,,,,
61,ペーパーミュージアム - サンワサプライ,http://paperm.jp/index.html,,,,Hobby,,,,PaperCraft,,,,
62,JR西日本 鉄道ファンコーナー ペーパークラフト,http://www.westjr.co.jp/fan/paper/,,,,Hobby,,,,PaperCraft,,,,
63,科学体験クラブ府中 - 正多面体ペーパークラフト,http://www.h7.dion.ne.jp/~kagaku/polyhedraPaperCraft/polyhedraPaperCraft.html,,,,Hobby,,,,PaperCraft,,,,
64,ペーパークラフトデータベース,http://www.tamasoft.co.jp/pepakuradb/,,,,Hobby,,,,PaperCraft,,,,
65,第一衛星利用ミッション本部 - 子どもと楽しむ衛星ガイド - ペーパークラフト,http://www.satnavi.jaxa.jp/kids/papercraft/,,,,Hobby,,,,PaperCraft,,,,
66,JAXAクラブ(更新終了),http://www.jaxaclub.jp/recommend/craft/list.html,,,,Hobby,,,,PaperCraft,,,,
67,ウチューンズ,http://www.kids.isas.jaxa.jp/ex/index.html,,,,Hobby,,,,PaperCraft,,,,
68,ニコニコアニメチャンネル,http://ch.nicovideo.jp/menu/anime/,,,,Hobby,,,,,,,,
69,ニコニコ実況,http://jk.nicovideo.jp/,,,,Hobby,,,,,,,,
70,はやぶさメール ログイン,https://hayabusa.mlw.jp/jpoint/index.aspx,,,,KG,,,,,,,,
"13,KIT数学ナビゲーション,http://w3e.kanazawa-it.ac.jp/math/,金沢工業大学が公開している学習資料集です。
高校数学の基礎から大学数学の入門編までが丁寧に解説されています。,,,Learning,,数学,,教材,,,,"
"14,高校数学教材 - ikemath,http://www.geocities.jp/ikemath/,埼玉県春日部高等学校 池内仁史先生のサイトです。
豊富な教材があるので、是非参考にしてください。(ここのプリントだけでも、GMARCHは狙えるんじゃないかなぁ…),,,Learning,,数学,,教材,,,,"
"15,VISUAL数学を目指して,http://www.osaka-kyoiku.ac.jp/~tomodak/,グラフ描画ソフトGRAPES開発者、大阪教育大学 友田勝久先生のサイトです。
難しい関数のグラフも、この""Grapes""というソフトで一発描画できますので、悩んだ時に是非。,GRAPES,,Learning,,数学,,教材,,,,"
18,GRAPES-light,https://grapes-light.app/,GRAPESのWEB版です。,,GRAPES,Learning,,数学,,,Graph,,,
"16,文教大学教育学部学校教育課程 白石和夫のページ,http://www.koshigaya.bunkyo.ac.jp/shiraish/,十進BASIC開発者のサイトです。
教育用プログラミングの代表例ですので、興味がある人は是非。,,,Learning,,数学,Software,教材,BASIC,,,"
17,latexlab.org,http://docs.latexlab.org/,,,,Learning,,数学,,,TeX,,,
"19,GeoGebra,http://www.geogebra.org/,代数(algebra)・幾何(geometry)で利用可能なグラフ・図形描画ソフトです。
図中に表示する数式には、$\LaTeX$の利用もでき、ソフト上で描画したグラフ・図形を動的なコンテンツとしてWeb上で利用できる形で出力できます。
※本サイトでもグラフ・図形の描画にGeoGebraによる動的コンテンツを利用していましたが、対応端末の観点からSVGGraph.jsに切替中です。,,,Learning,,数学,,,Graph,,,"
"20,関数グラフ描画スクリプト・SVGGraph.js,http://defghi1977.html.xdomain.jp/tech/SVGGraph/SVGGraph.htm,数学のグラフをSVG形式で描画するJavaScriptです。
ユーザ入力のパラメータやアニメーション、PNG出力も可能です。
※本サイトでもグラフ・図形の描画にSVGGraph.jsによる動的コンテンツを利用しています。,,,Learning,,数学,,,Graph,,,"
21,奥村 晴彦 | Haruhiko Okumura,http://oku.edu.mie-u.ac.jp/~okumura/,日本国内での$\TeX$の普及にご尽力されている三重大学の奥村教授のサイトです。,,,Learning,,数学,,,TeX,,,
"22,あべのりページ,http://www.math.sci.hokudai.ac.jp/~abenori/,北海道大学の阿部紀行先生のサイトです。
煩わしい$\LaTeX$環境を一括構築できる""TeXインストーラ 3""を配布しています。,,,Learning,,数学,,,TeX,,,"
"23,MathTeX工房,http://www.nexyzbb.ne.jp/~hataeins/mathtex/,数学練習問題作成ソフト""MathTeX""の開発者 畑さん(高校数学教諭@北海道)のサイトです。
MathTeXは$\LaTeX$データで練習問題を自動生成してくれるソフトです。,,,Learning,,数学,,,TeX,,,"
"24,MathJax,http://www.mathjax.org/,$\LaTeX$やMathMLで記述した数式を、JavaScriptを利用してブラウザ上で表示する描画エンジンです。
アメリカ数学会(American Mathematical Society：AMS)のwebサイトでも採用され、世界標準となっているツールです。
※本サイトでも数式表示に$\LaTeX$ベースで記述したMathJaxを利用しています。,,,Learning,,数学,,,TeX,,,"
25,Wolfram,http://www.wolfram.com/,数学に特化したソフトウェアメーカーです。,,,Learning,,数学,,,Graph,,,
26,Wolfram|Alpha,http://www.wolframalpha.com/,,,,Learning,,数学,,,Graph,,,
27,文部科学省,http://www.mext.go.jp/,,,,Learning,,,,,,,,
28,日本ユネスコ国内委員会,http://www.mext.go.jp/unesco/,,,,Learning,,,,,,,,
29,独立行政法人 科学技術振興機構 - Japan Science nad Technology Agency(JST),http://www.jst.go.jp/,,JST,,Learning,,工学,,,,,,
30,スーパー・サイエンス・ハイスクール(SSH),https://ssh.jst.go.jp/,,,JST,Learning,,工学,,,,,,
31,サイエンス・パートナーシップ・プログラム(SPP),http://spp.jst.go.jp/,,,JST,Learning,,工学,,,,,,
32,日本教育工学会,http://www.jset.gr.jp/,,,,Learning,学会・論文,,,,,,,
33,大阪教育大学 - Y.Seo's Mathematics Education Laboratry,http://www.osaka-kyoiku.ac.jp/~yukis/,,,,Learning,,数学,,,,,,
71,JMOOC,https://www.jmooc.jp/,,,,Learning,,,,,,,,
"72,結城浩 - The Essence of Programming,http://www.hyuki.com/,数学ガールの作者のサイトです。
ハイレベルな数学に触れたい人は是非。(小説版もありますが、漫画版もｵｽｽﾒ),,,Learning,,数学,Software,,,,,"
"73,Yokota Lab,http://www.geil.co.jp/,芝浦工業大学(現在は退官され、個人のHPになりました) 横田教授のサイトです。
大学初等数学について、詳細な解説が相当量掲載されています。,,,Learning,,数学,Software,,,,,"
74,Project Euler(公式・英語版),http://projecteuler.net/,,ProjectEuler,,Learning,,数学,Software,,,,,
"75,ProjectEuler(日本語版),http://odz.sakura.ne.jp/projecteuler/,挑戦し甲斐のある数学の問題を有志が集めたサイトです。
全て「1分ルール」をもとに作られた小問ですが、コンピュータの知識が必要な場合もあります。,,ProjectEuler,Learning,,数学,Software,,,,,"
76,Office,https://www.office.com/,,,,Mcrosoft,,,,,,,,
77,Outlook,https://outlook.office.com/mail/,,,,Mcrosoft,,,,,,,,
78,Teams,https://teams.microsoft.com/,,,,Mcrosoft,,,,,,,,
79,OneDrive,https://onedrive.live.com/about/ja-jp/,,,,Mcrosoft,,,,,,,,
80,Office Online,https://office.com/start/default.aspx,,MS_office,,Mcrosoft,,,,,,,,
81,Office Template,http://office.microsoft.com/ja-jp/templates/,,,MS_office,Mcrosoft,,,,,,,,
82,Microsoft Office 活用総合サイト - 楽しもうOffice ライフ,http://www.microsoft.com/ja-jp/office/pipc/default.aspx,,,MS_office,Mcrosoft,,,,,,,,
83,一般社団法人 全日本吹奏楽連盟,http://www.ajba.or.jp/,,吹奏楽連盟,,Misic,,音楽,,吹奏楽連盟,,,,
84,西関東吹奏楽連盟,http://www.ajba.or.jp/nksuiren/,,,吹奏楽連盟,Misic,,音楽,,吹奏楽連盟,,,,
85,埼玉県吹奏楽連盟,http://www.ajba.or.jp/saitama/,,,吹奏楽連盟,Misic,,音楽,,吹奏楽連盟,,,,
86,日本吹奏楽指導者クリニック（日本バンドクリニック）,https://www.japanbandclinic.com/,,,,Misic,,音楽,,吹奏楽団体・大会,,,,
87,一般社団法人日本マーチングバンド協会（JMBA）,http://www.japan-mba.org/,,,,Misic,,音楽,,吹奏楽団体・大会,,,,
88,公益社団法人 日本吹奏楽指導者協会(JBA),http://www.jba-honbu.or.jp/,,JBA,,Misic,,音楽,,吹奏楽団体・大会,,,,
89,埼玉県部会,https://saitamajba.web.fc2.com/,,,JBA,Misic,,音楽,,吹奏楽団体・大会,,,,
90,一般社団法人 日本吹奏楽普及協会,http://www.suisougaku.or.jp/,,,,Misic,,音楽,,吹奏楽団体・大会,,,,
91,日本ブラスバンド指導者協会,http://jbbda.jp/,,,,Misic,,音楽,,吹奏楽団体・大会,,,,
92,全日本ブラスシンフォニーコンクール,http://ajbsc.jp/,,,,Misic,,音楽,,吹奏楽団体・大会,,,,
93,公益財団法人 日本音楽教育文化振興会(JMECPS) - 日本管楽合奏コンテスト,http://www.jmecps.or.jp/,,,,Misic,,音楽,,吹奏楽団体・大会,,,,
94,日本管楽合奏指揮者会議(JWECC),http://www.jwecc.net/,,,,Misic,,音楽,,吹奏楽団体・大会,,,,
95,日本高等学校吹奏楽連盟,http://www.nipponkousuiren.com/,,,,Misic,,音楽,,吹奏楽団体・大会,,,,
96,埼玉吹奏楽コンクール新人戦,http://saitama-wind.sakura.ne.jp/sinjinsen/,,,,Misic,,音楽,,吹奏楽団体・大会,,,,
97,日本学校吹奏楽ジャズ・ポップス大演奏会実行委員会,http://swingbrass.com/,,,,Misic,,音楽,,吹奏楽団体・大会,,,,
98,21世紀の吹奏楽“響宴”,http://kyo-en.music.coocan.jp/,,,,Misic,,音楽,,吹奏楽団体・大会,,,,
99,埼玉県ビッグバンド連盟,http://saitamabigband.com/,,,,Misic,,音楽,,吹奏楽団体・大会,,,,
100,題名のない音楽会　‐　テレビ朝日,http://www.tv-asahi.co.jp/daimei/,,,,Misic,,音楽,,,,,,
101,吹奏楽のひびき　‐　NHK FM,http://www4.nhk.or.jp/hibiki/,,,,Misic,,音楽,,,,,,
102,吹奏楽　‐　朝日新聞デジタル,http://www.asahi.com/edu/suisogaku/,,,,Misic,,音楽,,,,,,
103,Band Journal バンドジャーナル　‐　音楽之友社,http://www.ongakunotomo.co.jp/magazine/bandjournal/,,,,Misic,,音楽,,,,,,
104,NPO法人吹奏楽振興ネットワーク,http://bild-net.com/,,,,Misic,,音楽,,,,,,
105,コンサートスクウェア,https://www.concertsquare.jp/,,,,Misic,,音楽,,,,,,
106,吹奏楽私的こだわりの部屋,http://www5b.biglobe.ne.jp/~brass/,,,,Misic,,音楽,,,,,,
107,埼玉県発！吹奏楽情報局へようこそ！,http://ns.to/wind/,,,,Misic,,音楽,,,,,,
108,Musica Bella,http://www.musicabella.jp/,,,,Misic,,音楽,,,,,,
109,ミュージックエイト,http://www.music8.com/,,,,Misic,Shop,音楽,,音楽出版社,,,,
110,ウインズスコア,http://brass.winds-score.com/,,,,Misic,Shop,音楽,,音楽出版社,,,,
111,ロケットミュージック,http://www.gakufu.co.jp/,,,,Misic,Shop,音楽,,音楽出版社,,,,
112,ブレーン,http://www.brain-music.com/,,,,Misic,Shop,音楽,,音楽出版社,,,,
113,フォスターミュージック,http://www.fostermusic.jp/,,,,Misic,Shop,音楽,,音楽出版社,,,,
114,ティーダ出版,http://www.teeda-japan.com/teeda_publishing/index.html,,,,Misic,Shop,音楽,,音楽出版社,,,,
115,CAFUAレコード,http://www.cafua.com/,,,,Misic,Shop,音楽,,音楽出版社,,,,
116,東京ハッスルコピー,http://www.hustlecopy.co.jp/,,,,Misic,Shop,音楽,,音楽出版社,,,,
117,ヤマハ「ぷりんと楽譜」,http://www.print-gakufu.com/,,,,Misic,Shop,音楽,,音楽出版社,,,,
118,アトリエ・エム,http://www.atelierm.net/,,,,Misic,Shop,音楽,,音楽出版社,,,,
119,アコード出版,http://www.accord-publishing.jp/,,,,Misic,Shop,音楽,,音楽出版社,,,,
120,ウインドアート出版,http://www.wind-art.com/,,,,Misic,Shop,音楽,,音楽出版社,,,,
121,吹奏楽楽譜情報ASKS Winds ～吹奏人のための情報サイト～,http://askswinds.com/,,ASKS,,Misic,Shop,音楽,,音楽出版社,,,,
122,吹奏楽楽譜販売ASKS Winds,http://askswinds.com/shop/,,,ASKS,Misic,Shop,音楽,,音楽出版社,,,,
123,ニュー・サウンズ・イン・ブラス - UNIVERSAL MUSIC JAPAN,http://www.universal-music.co.jp/new-sounds-in-brass,,,,Misic,Shop,音楽,,音楽出版社,,,,
124,ネクサス音楽出版,https://www.nexuss.net/,,,,Misic,Shop,音楽,,音楽出版社,,,,
125,vio.la.coocan,http://vio.la.coocan.jp/,,ViolaJokes,,Misic,,音楽,,音楽小ネタ,,,,
126,Viola Jokes in Japanese,http://vio.la.coocan.jp/jokes/violajoke.html,,,ViolaJokes,Misic,,音楽,,音楽小ネタ,,,,
127,Sheet Music | MuseScore,https://musescore.com/sheetmusic/,フリーソフトMuseScoreのオンライン楽譜共有。,,,Misic,,音楽,,楽譜DB,,,,
128,ペトルッチ楽譜ライブラリー,http://imslp.org/wiki/%E3%83%A1%E3%82%A4%E3%83%B3%E3%83%9A%E3%83%BC%E3%82%B8,日本語有。著作権切れ楽譜掲載サイト,,,Misic,,音楽,,楽譜DB,,,,
129,free-scores.com,http://www.free-scores.com/,英語。無料楽譜サイト。,,,Misic,,音楽,,楽譜DB,,,,
130,RUSTICANA,http://rusticana.seesaa.net/,日本語。クラシック無料楽譜、格安楽譜含む,,,Misic,,音楽,,楽譜DB,,,,
131,IN Harmony: Sheet Music from Indiana,http://webapp1.dlib.indiana.edu/inharmony/welcome.do,英語。インディアナ州立大学ライブラリー,,,Misic,,音楽,,楽譜DB,,,,
"132,Partita,http://www.partita.ru/,ロシア語サイト。
メニューは左から順に、 マーチ、ワルツ、タンゴ、フォックストロット、トラディッショナル、その他、 コンサート、ジャズ、アンサンブル、ソロ、文学、フォーラム、検索,,,Misic,,音楽,,楽譜DB,,,,"
133,Winds Score,http://www.winds-score.com/,,,,Music,Shop,音楽,,音楽出版社,,,,
134,ヤマハミュージックメディア　―　吹奏楽（NSB、ウインズスコア）,http://www.ymm.co.jp/score/wind_inst.php,,,,Music,Shop,音楽,,音楽出版社,,,,
135,ヤマハ,http://jp.yamaha.com/,,,,Music,Shop,音楽,,音楽出版社,,,,
136,下倉楽器,http://www.shimokura-gakki.com/,,,,Music,Shop,音楽,,音楽業者,,,,
137,気象庁,https://www.jma.go.jp/,,JMA,,Others,,,,,,,,
138,熊谷地方気象台,http://www.jma-net.go.jp/kumagaya/,,,JMA,Others,,,,,,,,
139,JR東日本,http://www.jreast.co.jp/,,,,Others,,,,,,,,
140,埼玉新都市交通株式会社　ニューシャトル,http://www.new-shuttle.jp/,,,,Others,,,,,,,,
141,城北埼玉中学・高等学校,http://www.johokusaitama.ac.jp/,,城玉,,Private,,,,,,,,
142,城北埼玉中学・高等学校同窓会　薫風会,http://www.jottama-ob.com/,,,城玉,Private,,,,,,,,
143,城北埼玉中学・高等学校吹奏楽部,http://jottamabrass.web.fc2.com/,,,城玉,Private,,,,,,,,
144,城北埼玉中学高等学校・吹奏楽部　OB会,https://sites.google.com/site/jotabraob/,,,城玉,Private,,,,,,,,
145,My docomo,http://www.mydocomo.com/,,docomo,,Private,,,,,,,,
146,ドコモネール(ブラウザ版),https://mail.smt.docomo.ne.jp/,,,docomo,Private,,,,,,,,
147,AirDroid,http://web.airdroid.com/,,,,Private,WebTool,,,,,,,
148,Home,https://zacky.xxxxxxxx.jp/test/Zacky0922.github.io/lab/,,MySite,,Private,,,,,,,,
149,Arduino / Processing Topics,https://zacky.xxxxxxxx.jp/test/Zacky0922.github.io/lab/semi/,学生時代に作った研究室ゼミ資料の使い回しですが、参考程度にどうぞ。,,MySite,Private,,,,,,,,
150,Zacky's techno memo,https://zacky.xxxxxxxx.jp/test/Zacky0922.github.io/lab/tech/,最近調べたことのメモ置き場です。もし何かの足しになればご活用ください。,,MySite,Private,,,,,,,,
151,旧サイト,https://www.zacky.xxxxxxxx.jp/,,,MySite,Private,,,,,,,,
152,公益財団法人ニューテクノロジー振興財団 - つくばチャレンジ・全日本マイクロマウス大会,http://www.ntf.or.jp/,,,,Robot,イベント・大会,工業,,,,,,
153,社団法人日本機械学会(ロボティクス･メカトロニクス部門) - ロボットグランプリ,http://www.robotgrandprix.com/,,,,Robot,イベント・大会,工業,,,,,,
154,社団法人日本機械学会 ロボティクス・メカトロニクス部門ロボコンプロデュース実行委員会・メカトロニクス教育研究会 - ロボコンプロデュース,,※毎年運営母体が変わるため、固定リンクが貼れません…,,,Robot,イベント・大会,工業,,,,,,
155,社団法人精密工学会 - 国際マイクロメカニズムコンテスト,http://www.jspe.or.jp/,,,,Robot,イベント・大会,工業,,,,,,
156,社団法人組み込みシステム技術協会 - ETロボコン,http://www.etrobo.jp/,,,,Robot,イベント・大会,工業,,,,,,
157,ロボコン(高専・大学・ABU・IDC),http://www.official-robocon.com/,,,,Robot,イベント・大会,工業,,,,,,
158,全国高等学校ロボット競技大会,,※毎年運営母体が変わる(各都道府県教育関連部署)ため、固定リンクが貼れません…,,,Robot,イベント・大会,工業,,,,,,
159,NPO法人青少年科学技術振興会 - FIRST LEGO League (FLL),http://www.firstjapan.jp/,,,,Robot,イベント・大会,工業,,,,,,
160,RESUCUE ROBOT CONTEST<br/>レスキューロボットコンテスト,http://www.rescue-robot-contest.org/,,,,Robot,イベント・大会,工業,,,,,,
161,キャチロボバトルコンテスト,http://catchrobo.net/,,,,Robot,イベント・大会,工業,,,,,,
162,Intelligent Robot Contest Festival<br/>知能ロボットコンテストフェスティバル,http://www.inrof.org/,,,,Robot,イベント・大会,工業,,,,,,
163,ロボカップ日本委員会,http://www.robocup.or.jp/,,,,Robot,イベント・大会,工業,,,,,,
164,ロボカップジュニアジャパン,http://www.robocupjunior.jp/,,,,Robot,イベント・大会,工業,,,,,,
165,ROBOSQUAREロボカップ,http://robosquare.city.fukuoka.lg.jp/robocup/index.html,,,,Robot,イベント・大会,工業,,,,,,
166, Renesas マイコンカーラリー,http://www.mcr.gr.jp/,,,,Robot,イベント・大会,工業,,,,,,
167,ルネサスマイコンカーラリー競技大会,http://www.mcr.gr.jp/general/index.html,,,,Robot,イベント・大会,工業,,,,,,
168,ジャパンマイコンカーラリー,http://www.mcr.gr.jp/index2.html,,,,Robot,イベント・大会,工業,,,,,,
169,富士ソフト ロボット競技会,http://www.fsi.co.jp/robot/,,,,Robot,イベント・大会,工業,,,,,,
170,全日本ロボット相撲大会,http://www.fsi.co.jp/sumo/,,,,Robot,イベント・大会,工業,,,,,,
171,全日本ロボットアメリカンフットボール大会,http://www.fsi.co.jp/foot/,,,,Robot,イベント・大会,工業,,,,,,
172,芝浦工業大学SRDC (Shibaura Robotics Development Circle),http://srdc.info/,,,,Robot,大学,工業,,,,,,
173,芝浦工業大学ロボット遊交部からくり,http://www.karakuri-sit.net/,,,,Robot,大学,工業,,,,,,
174,芝浦工業大学ロボット技術研究サークル (ロボ技),http://www21.atwiki.jp/robogi-sit/,,,,Robot,大学,工業,,,,,,
175,電気通信大学ロボメカ工房,http://www.rmkoubou.mce.uec.ac.jp/,,,,Robot,大学,工業,,,,,,
176,東京理科大学Mice,http://mice.deca.jp/,,,,Robot,大学,工業,,,,,,
177,法政大学電気研究会,http://denken.ws.hosei.ac.jp/home/,,,,Robot,大学,工業,,,,,,
178,早稲田大学マイクロマウスクラブ (WMMC),http://www.waseda.jp/1g-wmmc/,,,,Robot,大学,工業,,,,,,
179,Benesse High School Online,http://bhso.benesse.ne.jp/,,,,School,,,,,,,,
180,東書Eネット,https://ten.tokyo-shoseki.co.jp/,,,,School,,,,,,,,
181,北辰図書 - 北辰テスト,http://www.hokushin-t.jp/,,,,School,,,,,,,,
182,独立行政法人 大学入試センター,http://www.dnc.ac.jp/,,,,School,,,,,,,,
183,amazon,https://www.amazon.co.jp/,,,,Shopping,Shop,,,,,,,
184,honto,http://honto.jp/,,,,Shopping,Shop,,,,,,,
185,EXPANSYS,http://www.expansys.jp/,,,,Shopping,Shop,,,,,,,
186,Tsite,http://tsite.jp/,,,,Shopping,Shop,,,,,,,
187,東急ハンズ,http://www.tokyu-hands.co.jp/,,,,Shopping,Shop,,,,,,,
188,mixi,http://mixi.jp/,,,,SNS,,,,SNS・mail,,,,
189,Facebook,http://www.facebook.com/,,,,SNS,,,,SNS・mail,,,,
190,Twitter,https://twitter.com/,,,,SNS,,,,SNS・mail,,,,
191,オンライン初音島 - Club Circus,http://www.club-circus.jp/,,,,SNS,,,,SNS・mail,,,,
192,discord,https://discordapp.com/activity,,,,SNS,WebTool,,,SNS・mail,,,,
193,freeml,http://www.freeml.com/,,,,SNS,,,,SNS・mail,,,,
194,CodePen,https://codepen.io/,,,,Tech,WebTool,工学,Software,,,,,
195,IPひろば,http://www.iphiroba.jp/,,,,Tech,,,,,Web,,,
196,プチコン,https://smileboom.com/special/petitcom/,プチコンシリーズは、ニンテンドーDSi/DSiLL/3DS（DSiウェア）上で動作するBASICプログラミングソフトです。,,,Tech,,工学,Software,,BASIC,,,
"197,Arduino公式サイト,http://www.arduino.cc/,Arduinoとは、Atmel社の8bitマイコンを搭載した、マイコンボードです。
ハードウェア・プログラミング(C/C++)初心者でも扱いやすく、世界中で普及しています。,Arduino,,Tech,,工学,Software,,Arduino,,,"
198,Arduino日本語リファレンス - 武蔵野電波,http://www.musashinodenpa.com/arduino/ref/,,,Arduino,Tech,,工学,Software,,Arduino,,,
"199,Processing(Java),http://processing.org/,Processingとは、Javaの汎用関数をパッケージングしたプログラミング環境です。
ソフトウェア・プログラミング初心者でも扱いやすく、世界中で普及しています。

ArduinoとProcessingは、どちらもマサチューセッツ工科大学メディアラボ(MIT Media Lab.)で開発されたツールであり、とても相性が良いので、平行した学習が可能です。,Processing,,Tech,,工学,Software,,Processing,,,"
200,Processing日本語リファレンス - technotype OpenProcessing,http://www.technotype.net/processing/reference/index_ext.html,,,Processing,Tech,,工学,Software,,Processing,,,
201,OpenProcessing,http://www.openprocessing.org/,Processingで作成したスケッチを公開できるサイトです。,,Processing,Tech,,工学,Software,,Processing,,,
202,Raspberry Pi,https://www.raspberrypi.org/,,RasPi,,Tech,,工学,Software,,RasPi,,,
203,Volumio,https://volumio.org/,,,RasPi,Tech,,工学,Software,,RasPi,,,
204,OSMC,https://osmc.tv/,,,RasPi,Tech,,工学,Software,,RasPi,,,
"205,MIT Media Lab. - Scratch,http://scratch.mit.edu/,MIT Media Lab.
                                                                                                                                                                                                                                                                ブロックを組み合わせてプログラムを視覚的に作成できるツールです。
                                                                                                                                                                                                                                                                構造化プログラミングの構造が目に見えるだけでなく,ハードウェアとの連携も多く提供されていて,汎用的に教材利用できます。,,,Tech,,工学,Software,,教材,,,"
206,プログラミン,http://www.mext.go.jp/programin/,文科省による和製Scratchです。,,,Tech,,工学,Software,,教材,,,
207,Fritzing,http://fritzing.org/,回路図作成ソフトです。,,,Tech,,工学,Hardware,,回路,,,
208,Internet Archive,https://archive.org/,,,,Tech,,,,,Web,,,
209,CiNii,http://ci.nii.ac.jp/,,,,Tech,学会・論文,,,,,,,
210,独立行政法人科学技術振興機構(JST) - 国際科学技術コンテスト,http://contest.jst.go.jp/,,,,Tech,,工業,,,,,,
211,社団法人日本機械学会 流体工学部門 - 流れの夢コンテスト・流れのふしぎ展,http://www.jsme-fed.org/contests/index.html,,,,Tech,,工業,,,,,,
212,NPO法人日本モデルロケット協会 - モデルロケット全国大会,http://www.ja-r.net/,,,,Tech,,工業,,,,,,
213,O'REILLY - Make: Tokyo Meeting,http://www.oreilly.co.jp/mtm/,,,,Tech,,工業,,,,,,
214,CQ出版社 - エレキジャック・フォーラム,http://www.eleki-jack.com/forum/,,,,Tech,,工業,,,,,,
215,高専カンファレンス,http://kosenconf.jp/,,,,Tech,,工業,,,,,,
216,全国高等専門学校プログラミングコンテスト,http://www.procon.gr.jp/,,,,Tech,,工業,,,,,,
217,International collegiate Virtual Reality Contest<br/>国際学生対校バーチャルリアリティコンテスト,http://ivrc.net/,,,,Tech,Event・Spot,,,,,,,
218,電子工作コンテスト,http://elecontest.com/,,,,Tech,Event・Spot,,,,,,,
219,Make:Japan - Maker Faire,http://makezine.jp/,,,,Tech,Event・Spot,,,,,,,
220,DIGITAL CONTENT EXPO,http://www.dcexpo.jp/,近未来のデジタルコンテンツが集まる展示会です。,,,Tech,Event・Spot,,,,,,,
221,GUGEN,http://gugen.jp/,電子工作コンテストを前身にもつ、未来のデバイス発明コンテストです。,,,Tech,Event・Spot,,,,,,,
222,FabLab Japan,http://fablabjapan.org/,,FabLab,,Tech,Event・Spot,,,,,,,
223,FPGA-CAFE/FabLab Tsukuba,http://www.fpga-cafe.com/,,,FabLab,Tech,Event・Spot,,,,,,,
224,FabLab Kamakura,http://fablabjapan.org/kamakura/,,,FabLab,Tech,Event・Spot,,,,,,,
225,FabCafe,http://www.fabcafe.com/,,,FabLab,Tech,Event・Spot,,,,,,,
226,SWITCH SCIENCE - はんだづけカフェ,http://handazukecafe.com/,,,FabLab,Tech,Event・Spot,,,,,,,
227,encafe - ガジェットカフェ,http://gadgetcafe.jp/,,,FabLab,Tech,Event・Spot,,,,,,,
228,Trello,https://trello.com/,,,,Tools,WebTool,,,,,,,
229,Slack,https://slack.com/,,,,Tools,WebTool,,,SNS・mail,,,,
230,サイボウズLive,https://live.cybozu.co.jp/,,,,Tools,WebTool,,,SNS・mail,,,,
231,Yahoo!JAPAN - メールログイン,http://mail.yahoo.co.jp/,,,,Tools,WebTool,,,SNS・mail,,,,
232,SHIBAURA-IT - Gmail,http://gmail.shibaura-it.ac.jp/,,,,Tools,WebTool,,,SNS・mail,,,,
233,livedoor Blog マイページ,http://livedoor.blogcms.jp/member/,,,,Tools,WebTool,,,SNS・mail,,,,
234,SoundCloud,https://soundcloud.com/,,,,Tools,WebTool,音楽,,,,,,
235,diagrams.net,https://app.diagrams.net/,,,,Tools,WebTool,,,,,,,
236,Evernote,http://evernote.com/intl/jp/,,,,Tools,WebTool,,,,,,,
237,Picky-Pics,https://picky-pics.com/,,,,Tools,WebTool,,,,,,,
238,Dropbox,https://www.dropbox.com/,,,,Tools,WebTool,,,,,,,
239,財団法人日本私学教育研究所,http://www.shigaku.or.jp/,,,,Working,,,,,,,,
240,社団法人埼玉県私立中学高等学校協会 - 埼玉私学ドットコム,http://www.saitamashigaku.com/,,,,Working,,,,,,,,
241,E-Staff - Educational Network,https://www.e-staff.jp/,,,,Working,,,,,,,,
242,リクナビNEXT,https://next.rikunabi.com/?__m=1470023187365-4004116335281282271,,,,Working,,,,,,,,
243,マイナビ転職,http://tenshoku.mynavi.jp/,,,,Working,,,,,,,,
244,Green,https://www.green-japan.com/,IT/Web業界,,,Working,,,,,,,,
245,indeed,http://jp.indeed.com/,,,,Working,,,,,,,,
246,DODA,https://doda.jp/,,,,Working,,,,,,,,
247,リクナビNEXT,http://next.rikunabi.com/,,,,Working,,,,,,,,